member,reserve
Dq8osyvuZD6VmF6mrPKdx5V1YiaWSrX6BnnKMFJ3peeW,3
Anfby9EwmeX9aKn5PZ6P1fsTPV8B88Rpuz5D232wQbqQ,3
26GQCqMqQq7PQ8D3Mj5tW9eR6xKKvAFvKn97PjSrPxuW,3
9WDvz8a1hp71t8k5uUtrECxj2NJ5GRDn7mR9CJiDtXfY,3
2f4UdeaCguvumT5goTndQZsYNgaQfB6SWD731FL6cveW,3
8qG8Mcmorp1xsyaq9KKxxBJaEnc77SdPCGoKqGjnQiF6,3
F6yPvvYJcoWgZdbEGx84VDeb1mmkBpGEZW8cFiG7vYzB,3
2kpVmg1wtnu54i532ioYmceFzhwQ51YrbKzoeZntqPfk,3
DDmKiSbgydVWrPRqRbnWZrNULf3VGJUjfYzDS1Y3fG8Z,3
91qfzYQmE6hmgvn9XMevPiH1FdudN6HnZsJakHgTALJJ,3
4wGQZfLAtXxQzruYgiPSLnvJsa6aKrBbnoY9CbJTKwjS,3
Aefq5BUW8rwZ7YdpbtxovN31jUt9n8bSTKXCZPwrvtMj,3
Bzi89ityAoPD2u4io7Q4JL6Pm3GrEizPcrnFG9SJ5tnB,3
3MtmBRLUSyPktamdsQoU1yAbVRL5mm3G9BzbAVmt43k8,3
DQEfrqawVW8uKZvDgd9h66jWJfgcZZbkW25WppEFTzs7,3
B9vk6iHCj4jCDzphdUUAhLMiFwSwGP8i4xegCjwwv8Eg,3
4swAEuEysxSSu4S1PEo9MqPvbZsqBFGhCPgo2FEV87YN,3
AZiNiDFeeVaymDVzCD5D6r5X2zn5hUXtBJPE337f7CnC,3
DhC7oZP2x8K5SEbRmkKhKqK99JGi2D2tPfL7erHVUvvp,3
AD5te5x7yFG7xUMBSRrPYG6J5jnGC97UkLcSiXGCUqnT,3
BGvRjzhitSTU7acgm6LebE4Y2NKdr1GhEs1kLXE62bpV,3
29kZpvFmqCmua65PbPQvQH2t3MMEev2eXJqotBstZQe5,3
DwfQeDEXPuZ5Y2ztis4qg3U7ZuUUcfaGaiYVSfNudDG6,3
2n1Ep6kYfb1Bht4VdUTASjf4ieQtEnfQV5rW8iWYFmjo,3
7zvoqg2MxBPyCy6kuiSruSMeCto5pRUb4i6Wm6B3azvQ,3
FQBxXdKU2tVjK7BACezsaMdSBbbwT5b9kbyTTsm3h3n9,3
6bJpVPNsqL5M4hQg78doodQbCKt5zGohg88vTvqYr25c,3
CJ9AjXFNTaCQadh71uywLRoFUdbRpRrMdnM87awm9x3A,3
GQRjfJd8sok5wbdbYJYDNV51CZ5Tgnsk6rSK46LaBuov,3
DGscvVLtGPErYK5zy6CuQpbABFse3NoSVzS7eCLRkFWt,3
9shj1obT9ki5KVHDUiXCixLHBKPmh3ENWeL99c8w7oXH,3
32mSBhkdykVCtvERMgjVW7ypouRPHBk75rkpbWCoS3nU,3
Do9azckGW9M2C97Sd5QiWeMJJQP5KaqDRViEepnFEUYy,3
E5WZYBKn39RQj94Tu93Lnai6HW2utXtyK8sWCtJNyrBR,3
AeWtWFw8Pznhv81Bz6CeXs4Us2hch9xmFP6oMS8yAMEC,3
7t56z65RAGZgwRt1UfrcE5Yaug8NPXPjPUHo17XnnyUu,3
7WKdst7zM9vj2cwCxUfSMJvrmLtN5xeC4un9mQAWtMoG,3
9MbdGwGJ3Pihqv8JqdRcR2GoFtcTnooWvQunW4p8RGtZ,3
2SBF8MKXBywLrkGtw7ErikfAJ4hA9YnL9BAm6xeX2Xy5,3
Gu35SgpRWyNFPfx8R27B9PyPM4idLLiK3NZfQAkEGvVE,3
6jeNo9jUwFyvHPBgdzbZMqGWPZ8DWLBvBKuedK3W4KJC,3
84mysAGcwnJBgVM83BuTjaAhSPdoqaMxc9yEVghD5Hzy,3
2Bx54N5xorKaxWdR/WwbUpkXfSQFW9pCZBAaXgyiPsC,3
9yWWAsH7ga9oo6nYUeXTQsYk3zbHG5c1LM2KG7bxfUPK,3
5sPAm4jx69dAtsXDwmqunabt9ofNUZ7LF52XhyNCQUZj,3
G28oWvLU4r9Vh7aPsTiHix975KmDjbo86yPSVuJY5XW2,3
HadaJ5RRw6cvU9QfYHhzSPquXym2GRYSN1Haf7Zj3Kig,3
6quLXjHKzmnefC7aTZFMPQCZ9TMrJY1bvshX1AazsRt,3
2abxNaJPA6tgo6zMURvF3sm7BRFe9ScuNVcupm2SprZY,3
5Goxz1YJUtRfeb45pFQvETx4TVTZLB1KBH1SCMSbTCRK,3
B61oK6B4SjapWQZzRYn1kmGQtyzsUsivgp6SP9oPxAeV,3
2EFENx2tqHoLhKuVf2qytWNdwZa6vH54bydcPZc8VZSk,3
CDe5rqYWZX4XZFLxBX98xYUP5DAitDaquHuSzeRtqhQv,3
EX79h86zRKEEk5NuxbLYn3Gz5MBjirVNVgM62Psyb1VV,3
5AuNjqJWAXNuQeRefGTVyxbqTPPAfwRzk6rAScGbgZCY,3
9mV2Mf4ZWdeTVRr4o9LJYBERB1wHgy2dH8vdvfbSsgox,3
EqvHXXXksWZzzrvzPKP3wAGGt6m6TjFnZPWyESSS18Rc,3
2VfxQ8cx6EdiYfcaKRuDTGzr6YWukKqLrd2kEkgTYNci,3
J5psApYGPAMke18TxRB7b3rnwtqX6U2iVZW4Zy3TZe4g,3
DFS9AypHsqWXsGCDq6PcVHPNqZZJcrjeqSc7aAdacszw,3
GPXKkSUMnGrRWAVBgPLuCH3VM9u3nPuFEFDTUTWA1Bmy,3
Gdh4BgdnGQDtnmyvbRUs6ExCQ1EkU9yVm8LGQTi9krbb,3
CRiQUp6k3zhHxT2KJWCDeV31FJ41JwZ18uSvUngtQoux,3
5gNYZrKZSbEGNbxtVra9vK1TGvnvDKYfpeAy3grMDfj2,3
3AMD9yk7bnPVjHuCfhDC1T2dyCCwfsBks8G1jGuu99iR,3
64wXqqiWy5gwHxsmZGrVVc81pRJ7BynqgFbm8rDemwdJ,3
Hj1wmWsE7EhNzKtdabbcgJzuVckKJwsCr5oeTieGvtih,3
8fL6rKkxKX2pJ7RYsenMUk985vBrQKxA4ScaXGUCkxKe,3
5iY2VQqiTaJrsqwTbBg2kVqZmu48tKCJhgH1AC6TnvGE,3
3uQKJyxhJ2waMNAVPHVHjodB1YzR9PT8PrSxTRBZKEh9,3
4Yh8Jzq88uvH6s7UdcRoPrbvh3fyCjVucqZne2m23kLP,3
Eo4WvgJkJPMrSmbKixt4QYVSrQbtU7uYWBjdJjeBzNGh,3
HNsFoDieDb8BuLxp8x8UWEnoFBtA3bDUhN6DgGvraQ65,3
6oTHi5gJPHxq62mKpoqvucGuwfXg6nkscCcfjA7cr1uh,3
8GCpyTwy4fTwT3zvgHrEVnFe8ffeCXikUZZJP6maZBvK,3
6dbChEPUorDUg3FF4XQpvEyXQnc9LqnABT15RzYMqtYy,3
Ee6UdSiv3ebHfKN8kxp2bH3jhPXPgNYkURuQnvYZ6Ex7,3
7RqmeE8L3nN5CMkdFKUnRN8Byxn7QYguNEabbyLBp6tB,3
BDnEWfDM6SCtDXkYWqyEMyTMFK3W3EgmfWBQoQo761PG,3
4C2EAc6fK5DRocY1FMAvpsycNWkzEi9kacPqpL6fU4Py,3
5jwgoGm48UBJv62ChhqtKgBdZb7cst2etwQcHeWL9eun,3
DuWCYD9iUKtwEVJoWNDoVujZYtwhuB7L8aoR9DMhLhrL,3
ZJtCNuReowgCabpjZUCs6h4Kmd3sPFcw8emZQq8XeiR,3
A7RJvqyEzZKjfAzEAb5Yj5y6BsqxMo4JnxNPkNEEArQa,3
ESZvQZb363GcX2nHWrGGTzq7VhyG26obUcy1L9TxnBot,3
8APpn2LmwBf2hZn8EWjE9vbaBCgZh8SiGNJr96si4AC4,3
4HzdZvZqVop1sqz3cWDNcCnimrRvpfv4jVCSbQJRfsg2,3
HAyPC4CLjfbtk1uE2EFthkzA6XQ4pYMZFzfT4WEvkRUj,3
GkuvGG3dxZ1dXFHRgJH3j276aJnNr23ZFhbmtc728Xva,3
58W3WE8eFkqzim8vmCiHNtKGdm6iGN5eTzAmACeZeAAC,3
Gcy2tcsRdP7JFzBkA3xiVQ5WGXLGEQPm2mTHLwB2fJwR,3
HZWPLS1naLn7ueKNMqKsdr7DbRSPrY8QV6KXueNXAnJP,3
6HAxu5Z1c266grtybS6gkJYMcvDyxSdN7WqEySVW74Ts,3
7aQdWXcKh7AKrEJfWY2R6wwg6zqoaGZvqHYQbGfjR7ZB,3
G4dfuiVEsSwAw6GhQbdCVZFMMVm6HMTqxziTmM1ZvBRS,3
6pP5WbrGjBoK51tAJV2HBgmm8cE8QPZAS3edBCQJCwzx,3
CKZrDstPJaDMDWxNUDQ9why9TZKLX96CsN8zS5ai9T9D,3
EnzxydxP2VXacVoSTG5PTfgKCgVs7sayD97NzG4aiFch,3
7hH1yEnt8JBAzU5CRDN2obvbUq8z6i5ie4bZfnZUr19a,3
B9NqXKTL3pfytQwVnMzhSLRU222SawCr4cyPtiSvY2ry,3
CByf6Q1aFuPJibjeGBg3EivkNZKdTPPLHvuTvD3mgY4V,3
B1TUHwEjvtvTVwBg6AziPz7ZTU9H4QBdqDVeWY68sNRs,3
HEDRXtkTrdcTxHz1xmKWvwGc2WX7WYddmiNfB3fbUGjs,3
5tQomqLiSxPCwr3FJ7UtzPubZWfTbUJP1YqQqQA7GVEv,3
Hp8kehvrocXcpZwWyNgkh2AqZp33Xw1mDct4mjHTKjHs,3
7yx4RVxfVBqgkEnkVGMDv2XBxmiAusSW4Ut5KUiZMx3G,3
2eCYvt35zVpBsBiytprF6DWpNbqbHr8oTr4j65aqmfnZ,3
G1cAJe1i4nmiWQtkEbhuFqF6asjhh7LpjBhg8J5Zykqp,3
DuhbAsKNYZJvzD6nued7yppPPaHL2LtTNcV3iCUYk9wq,3
uLHn2gCBBRQkJesWdc7yDRetNfox4PfXtpfgXZxJDoo,3
gb7CbatK3qWNQj82gHUeQ2SPMK6JryiT6Rj7s6a1hPs,3
4bkKtJ5XVCnJpxRkKXT7cBvfEFbXozZsd7kbmUTc1iDG,3
ES8YEfFBnzp6WW2kfu7LFU5j2fpSjzLRFiGKmh7rgn3E,3
HUK9aYQhX19pwRqu2X6b9mCmegfcx7y3fvYG5MhLfAev,3
GyPT21iEGJZErkXxaPEcr96MeVhTaWMetkD4ApNe1XxP,3
DotirVr3SrLeMFYxiuUaLRyE9JaBHKwuZMd8j3fJLMpj,3
AWbQAVRCPT4paZzQ8ANfok4PEzeFDX7RUvtoZ7h2Q5xc,3
BjoJBsmgJcunhYT774FH5KByjucjjv3c57H1BHct82BT,3
HwzmzBwWGbsrEr7BTq1isAvFbPY3zzS8JQn6h6cbZiTv,3
F72seNVyMjVPHe3rKBjmkr6pKKnBuDWWLtYJBHpC8tdz,3
AQS1m6eRAL1ze8XKWe4n8hxhXKrZffdKbcgwGKBNd9n6,3
Aay57ZQCECoLSfhNzXBs7CogmyGxTzRLiRWa1eU3fYJy,3
2pByhjXiCiCwDGX6j7GeLASLjUfEYt69VEroYFtBTxDu,3
HM8FY27YnKHFgb4uMXn92TCuggVnumXZmNb7rqC6krFZ,3
8bJ8C8K7CWx6sffbKaVFeqnR5AYokfkJYxBbZEhnMKNv,3
Gcm2DdvfhtXwASu2ykYZWNyFc2jDAR4eixU3jugRrikJ,3
3EcCasP1cUnQEmjBEk3c8QUedS3hWi1jofgeBPgkjW5L,3
4cQczWPptPQvSnDnx7zwWcexSNep6zK2Rhrz9KTJdZfp,3
9owP7YtYVfcdgqhkD8Kp4m2U7oyCDA2rVLvwPMhwkedP,3
6RJHrbLM4DRGvWvhj2YGCdaArqJ22LKq3xC7k2Wct5Cu,3
72jXXNVpwoLT3ZtUC32gM6oGFvkB4FeNuJJMqquJkp8A,3
F8Nak95uPBN2k4aJdUJMhxmPt6gB9yJPVoiYq3BAJn7m,3
7pHs1eduEccKaADRPzXMaxq4N9pXLGkyfip7ZVe1eKLX,3
GVrWCuad35TK7rVcv6DVutrHf3Mz7qot37oQCdTCcJN7,3
5r5CxsZgyJArK1dKxGFNBGkGp5bksFC6f2yCxpvC5Kpj,3
7LCNpcZCX1RWPAXpGUz6Vihqbz3knUphQCsa7yqF8ygG,3
BytE3sy8UaZ7fNVDUUbYp9djj1BQfg5sRvkeWf3BewtF,3
Bpgvpw6CBgSS5FNa3LVG5ohAvt9JJ4LVBDic35WsNAp7,3
9mSgdPnREYnruCLCRUbUTvYfDgBk5THjUuUZdcF6eH6g,3
826sHdmgkVs5LiowAFY2YW1jLMsgZs1off341y7p2SG8,3
ANHo7BsSMA69aeQ2vbuusNGv4e2Q8SvainEz2E9AxHsA,3
DhSTvxeuEugBZpq5dFpYeGjkEFzRgr2WHsa7AXdDBfhB,3
6DYxskDsCfM5vUUXUy6uzHfanvR8dLpmMZrUXa9Ks3e3,3
J6R8vNuUpFJKPgEF7ZkCvRSu4agQqZnk3yGFgyq4zvK6,3
5AFsJUYgP2fChxUcDA2Zq5TVPUf6k6LWy45KrERRuVqy,3
7ZbBNgXBwerXF4P61R9n8EPWhuaqGcVe6p5tM22ijU52,3
3d7riNsTijis8cQcpoPAJK4Q61pHwZQ7ddftZRVLgBRm,3
21MpmPBzPvM3PDyfgCyZA1Uvp33jtWcVCGZsg7MbavsA,3
D5oi1kaKksSyg8AMBuA3isV69bHXqit1JBSC1cmiHnzi,3
6FMjeVz6aBZrreTnNcNskyhJFtKEetJhBXyf23XZ4cqM,3
3FtjzMvvYf7JoAjsg4tHnX3npwg7dVVgmepz62W5AjDB,3
3WRL1xFeu4baVNryNHYY9H9eTwjkzekSg2KSLF6tgGW1,3
3eFWRhYTYhqnR7vKtabGqKjdNNkDrZG13EoQWJ8RZmFT,3
2EcBPFKB4pxYVJypjbGxZyP4ALvCxdJNWa3j6HKnP53Y,3
J4xaP3GGi19RpJRoDCc8coY3BvCmSnwdYdS8kAap1z5G,3
5UDmdxCmbXBtomad4BEsLapa4VvF4KL88A7rUaTepos8,3
ey7BVTkNDPAU5SSVo3mYrF1Nnu9AE2q63fm18dyq7Lm,3
6ePjijXk2ziorCkGb4xrYc9BAp5rWHzepD2W48JUsgJ7,3
HeHDXEChSbTfy5ug9zqYeKeiBf3UbfY7pyLtsFQGdHvV,3
CdrQEjKAeHrTpCV2BFdNUxfcLhWEVB1v5TW9PniBHosM,3
2JQFyjXTh5vXsGMzkPWyUy8VGpX18TzVE4z2BaYRQ7NY,3
rKjNBx8czN5xgpCFXgFC5NSFDGqdnKVXamdUsAf7Edw,3
1gERxyVXh6hr5LGNcnYcV2Lz6afany4wXcMAQyzcRV7,3
FN6xSVVP4LVDQjFXgqK9CLTW526v7HFYRmjjAzzRjMzo,3
Aj57XjyqAXe4EA4JJd6PfHrVN1DE7rfZ16cn585H6dUX,3
hLHRmEdLrKPwnJEecdSPekKvd2F8kVv3f6Tc3rxrLBs,3
2wuzo5QoKpyk9PugRsdv8cwn77eJiX9on6n2g4mEGzPm,3
E93D37qNuvBxXYE3HAfytPqRurBgTz3vtftQs4GxGzuG,3
8i5wqzd1XxhensZAkgTsaY9RocTScwDnZquktfdC1KWx,3
3YaUpLkmCCVGKts7ReE56hp5VQLPvo6LwnWDpiHpCy8S,3
2V6idcwUFCwkM5cCAdvKJKUaD473rqLAjwc556Y85dMx,3
FcMd7Pw4pnLjHZjdXLNERymYpqLud19HU7T9GxCH4rdH,3
HwUagb3cRXgHLtRZmPfo41sk1y7629pBDxaDTUEzP1BB,3
AkfMay1nmDbhRcAKsZLEzdUoFxMCfULSjFDTykE4KrHN,3
73gMfpBd4MxCnpWDeKVLcDdrnbzQe2XjZMeUDGuHbxy4,3
AnSnevtqbSGTjRiweqTsnPmwCQNudHfxgJTCwAyyPuWw,3
2Ezh93DgyvdBVNK1NhaReZZehj1pXuhtDpJsc8H38sWq,3
G2FvjSu34Q2wyXLfWebgaosGAGNyL7Ga8rzPpdbF7iAH,3
2MUtBzabLK3nZ2dLdzv7MLyiMuHRL7fwpBFmofr1aESk,3
2xo5GSisVWhR5b3oBUKSGPEiiHC99KSUPwBZaEbxpQGV,3
6sqmqPqjVRPTEGHZJY7vaSwbywJ9P8d5J1inESgC76mX,3
F4Tqp7rMpbDdD7SbZargqpWK2LTuHUJvZBPYQGG5CpvH,3
5dvqSbZcG1vW5Buz6TQZackk5n82uUrRi63coRgcMAhe,3
57GixZAbdDJk6rN1291KgrdxtjBqNfYuBC9QMHdYytFd,3
7gqWZiJ9fMb5dFei77BxURoZ3gqCVCgn54FW9UwPyrnu,3
7bHc9VdfBSbKU65HS93Ba1XHN4ZkiVB8MJe8n7pkwub6,3
8u5cv7Zse5c74ybFni9FETHqDEqKpwFaiZzcGqZy6JGn,3
3ERXV4r87TD4P5xmEeXuq5Acp2Vy3CdFZWJuyoNzErhF,3
9DLC3KWMJhCVUk8zmWJTvz8VHfRNC1zbNYSJkyChUWkg,3
95kixc4kWQJybvNKQ4nHV3Y88iVEy2jPBR2CfpEU341D,3
ENjSDqpMAszF3iz9Ncp4uAAUMrfm9X16CMhv32tk3FCz,3
9uezUAHWHYyfKuLFX52GzpjYR92nLzXK8qp9ASq8dqfz,3
GNdoQKRSuQVcQDxz3iJ7fo6Wtp4ZL8pJpPyt2Taqp3Wz,3
BEcvFDBQwWhrnWqAHv382b8GKgYkLdqdfZ1kakgrb1Ux,3
TLFbfaA8v4cgNar9mGobooo4ZG5ss7Sm8SvVeefkRwz,3
g52K9k8JH7zDHLkJn6wQ1BTRLv3HFTGW5M3FqrkZi98,3
2n4xhGqojBqBronPQbG2UpjyLnKqu837teNjZBLNMoo8,3
GXbYK6Q9q48nmdhWqsxPuWpoPhdA4UvDCsB9zdAs86Xv,3
BrcHhowVM4r2KYCeaQnpJ8u6yhZJVGzUS3sk3cmCnVMM,3
7rgVjqNrUw383XMCurovFwo7GFXKeShnZCmvB6ec7cZa,3
HkP6eCFaMrEvFB8sbDawxHM4i5cXL65SuuR3kH8P1k1H,3